config,runtime_seconds
base,12.046599
p1,1.157148
p2,1.191158
