config,runtime_seconds
base,8.806928
p1,1.076578
p2,1.100614
